player_name,pop_per_turn
BudgetStretcher,7.490909090909091
Grudge,9.522727272727273
Random: 0.2,6.8545454545454545
SuspiciousForgiving,9.0
SuspiciousGrudge,9.927272727272728
