player_name,pop_per_turn
BudgetStretcher,7.502487562189055
Grudge,9.532338308457712
Random: 0.2,6.661691542288557
SuspiciousForgiving,9.08457711442786
SuspiciousGrudge,10.009950248756219
